,srcip,sport,dstip,dsport,proto,state,dur,sbytes,dbytes,sttl,dttl,sloss,dloss,service,Sload,Dload,Spkts,Dpkts,swin,dwin,stcpb,dtcpb,smeansz,dmeansz,trans_depth,res_bdy_len,Sjit,Djit,Stime,Ltime,Sintpkt,Dintpkt,tcprtt,synack,ackdat,is_sm_ips_ports,ct_state_ttl,ct_flw_http_mthd,is_ftp_login,ct_ftp_cmd,ct_srv_src,ct_srv_dst,ct_dst_ltm,ct_src_ ltm,ct_src_dport_ltm,ct_dst_sport_ltm,ct_dst_src_ltm,attack_cat,Label
0,59.166.0.1,55490,149.171.126.3,53,udp,CON,0.00105,146,178,31,29,0,0,dns,556190.5,678095.25,2,2,0,0,0,0,73,89,0,0,0.0,0.0,1421950270,1421950270,0.009,0.002,0.0,0.0,0.0,0,0,0.0,0.0,0,3,4,3,2,1,1,1,,0
1,59.166.0.9,26756,149.171.126.8,21,tcp,FIN,4.264797,2934,3738,31,29,11,15,ftp,5398.615234,6882.390625,52,54,255,255,4073546360,4271342768,56,69,0,0,5631.619534,192.298828,1421944870,1421944874,83.617101,80.451266,0.001011,0.000877,0.000134,0,0,0.0,1.0,4,5,5,15,11,5,5,8,,0
2,175.45.176.1,1043,149.171.126.14,53,udp,INT,3e-06,114,0,254,0,0,0,dns,152000000.0,0.0,2,0,0,0,0,0,57,0,0,0,0.0,0.0,1424251725,1424251725,0.003,0.0,0.0,0.0,0.0,0,2,,, ,17,17,14,14,14,14,17,Generic,1
3,175.45.176.3,1043,149.171.126.18,53,udp,INT,3e-06,114,0,254,0,0,0,dns,152000000.0,0.0,2,0,0,0,0,0,57,0,0,0,0.0,0.0,1424233686,1424233686,0.003,0.0,0.0,0.0,0.0,0,2,,, ,25,25,25,25,25,25,25,Generic,1
4,59.166.0.4,34472,149.171.126.3,10429,tcp,FIN,0.052957,3718,43086,31,29,7,24,-,552750.375,6403988.5,62,62,255,255,926166428,3071827628,60,695,0,0,56.791579,1.518598,1424244324,1424244324,0.863115,0.859525,0.00065,0.00052,0.00013,0,0,,, ,5,8,3,2,1,1,2,,0
